name,thumbnail
21s Bicep Curl,None
Ab Scissors,https://pump-app.s3.eu-west-2.amazonaws.com/exercise-thumbnails/28931101-Scissors-(advanced)-(female)_small_thumbnail@3x.jpg
Ab Wheel,https://pump-app.s3.eu-west-2.amazonaws.com/exercise-thumbnails/08571201-Wheel-Rollout_Waist_thumbnail@3x.jpg
Aerobics,None
Air Bike,https://pump-app.s3.eu-west-2.amazonaws.com/exercise-thumbnails/38931101-Assault-Bike-Run_Cardio_small_thumbnail_@3x.jpg
Arnold Press (Dumbbell),https://pump-app.s3.eu-west-2.amazonaws.com/exercise-thumbnails/02871201-Dumbbell-Arnold-Press-II_Shoulders_thumbnail@3x.jpg
Around The World,https://pump-app.s3.eu-west-2.amazonaws.com/exercise-thumbnails/02881201-Dumbbell-Around-Pullover_Chest_thumbnail@3x.jpg
Assisted Pistol Squats,https://pump-app.s3.eu-west-2.amazonaws.com/exercise-thumbnails/17621101-Single-Leg-Squat-with-Support-(pistol)_Thighs_small_thumbnail@3x.jpg
Back Extension (Hyperextension),https://pump-app.s3.eu-west-2.amazonaws.com/exercise-thumbnails/18601201-Hyperextension-(VERSION-2)_Hips_thumbnail@3x.jpg
Back Extension (Machine),https://pump-app.s3.eu-west-2.amazonaws.com/exercise-thumbnails/05731201-Lever-Back-Extension_Waist_thumbnail@3x.jpg
Back Extension (Weighted Hyperextension),https://pump-app.s3.eu-west-2.amazonaws.com/exercise-thumbnails/12341101-Plate-Hyperextension_Hips_small_thumbnail@3x.jpg
Ball Slams,https://pump-app.s3.eu-west-2.amazonaws.com/exercise-thumbnails/13541101-Medicine-Ball-Overhead-Slam_Back_small_thumbnail@3x.jpg
Band Pullaparts,https://pump-app.s3.eu-west-2.amazonaws.com/exercise-thumbnails/15031101-Band-Pull-Apart_Shoulders_small_thumbnail@3x.jpg
Battle Ropes,https://pump-app.s3.eu-west-2.amazonaws.com/exercise-thumbnails/01281201-Battling-Ropes_thumbnail@3x.jpg
Behind the Back Bicep Wrist Curl (Barbell),https://pump-app.s3.eu-west-2.amazonaws.com/exercise-thumbnails/01041101-Barbell-Standing-Back-Wrist-Curl_Forearms_small_thumbnail@3x.jpg
Bench Dip,https://pump-app.s3.eu-west-2.amazonaws.com/exercise-thumbnails/13991201-Bench-dip-on-floor_Upper-Arms_thumbnail@3x.jpg
Bench Press (Barbell),https://pump-app.s3.eu-west-2.amazonaws.com/exercise-thumbnails/00251201-Barbell-Bench-Press_Chest_thumbnail@3x.jpg
Bench Press (Cable),https://pump-app.s3.eu-west-2.amazonaws.com/exercise-thumbnails/01511201-Cable-Bench-Press_Chest_thumbnail@3x.jpg
Bench Press (Dumbbell),https://pump-app.s3.eu-west-2.amazonaws.com/exercise-thumbnails/02891201-Dumbbell-Bench-Press_Chest_thumbnail@3x.jpg
Bench Press (Smith Machine),https://pump-app.s3.eu-west-2.amazonaws.com/exercise-thumbnails/07481201-Smith-Bench-Press_Chest_thumbnail@3x.jpg
Bench Press - Close Grip (Barbell),https://pump-app.s3.eu-west-2.amazonaws.com/exercise-thumbnails/00301201-Barbell-Close-Grip-Bench-Press_Upper-Arms_thumbnail@3x.jpg
Bench Press - Wide Grip (Barbell),https://pump-app.s3.eu-west-2.amazonaws.com/exercise-thumbnails/01221201-Barbell-Wide-Bench-Press_Chest_thumbnail@3x.jpg
Bent Over Row (Band),https://pump-app.s3.eu-west-2.amazonaws.com/exercise-thumbnails/08921101-Band-bent_Back-over-row_Back_small_thumbnail@3x.jpg
Bent Over Row (Barbell),https://pump-app.s3.eu-west-2.amazonaws.com/exercise-thumbnails/00271201-Barbell-Bent-Over-Row_Back_thumbnail@3x.jpg
Bent Over Row (Dumbbell),https://pump-app.s3.eu-west-2.amazonaws.com/exercise-thumbnails/02931201-Dumbbell-Bent-Over-Row_Back_thumbnail@3x.jpg
Bicep Curl (Barbell),https://pump-app.s3.eu-west-2.amazonaws.com/exercise-thumbnails/00311201-Barbell-Curl_Upper-Arms_thumbnail@3x.jpg
Bicep Curl (Cable),https://pump-app.s3.eu-west-2.amazonaws.com/exercise-thumbnails/01561201-Cable-Curl_Upper-Arms_thumbnail@3x.jpg
Bicep Curl (Dumbbell),https://pump-app.s3.eu-west-2.amazonaws.com/exercise-thumbnails/02941201-Dumbbell-Biceps-Curl_Upper-Arms_thumbnail@3x.jpg
Bicep Curl (Machine),https://pump-app.s3.eu-west-2.amazonaws.com/exercise-thumbnails/10321101-Lever-Alternate-Biceps-Curl_Upper-Arms_small_thumbnail@3x.jpg
Bicep Curl (Suspension),https://pump-app.s3.eu-west-2.amazonaws.com/exercise-thumbnails/10701101-Suspender-Arm-Curl_Upper-Arms_small_thumbnail@3x.jpg
Bicycle Crunch,https://pump-app.s3.eu-west-2.amazonaws.com/exercise-thumbnails/00031201-air-bike-m_waist_thumbnail@3x.jpg
Bicycle Crunch Raised Legs,https://pump-app.s3.eu-west-2.amazonaws.com/exercise-thumbnails/01471201-Bycicle-Twisting-Crunch_Waist_thumbnail@3x.jpg
Bird Dog,https://pump-app.s3.eu-west-2.amazonaws.com/exercise-thumbnails/12411101-Bird-Dog-male_Back_small_thumbnail@3x.jpg
Box Jump,https://pump-app.s3.eu-west-2.amazonaws.com/exercise-thumbnails/05091101-Jump-Box_Plyometrics_small_thumbnail@3x.jpg
Box Squat (Barbell),https://pump-app.s3.eu-west-2.amazonaws.com/exercise-thumbnails/00261101-Barbell-Bench-Squat_Hips_small_thumbnail@3x.jpg
Boxing,https://pump-app.s3.eu-west-2.amazonaws.com/exercise-thumbnails/22731101-Boxing-Right-Cross_small_thumbnail@3x.jpg
Bulgarian Split Squat,https://pump-app.s3.eu-west-2.amazonaws.com/exercise-thumbnails/22901101-Dumbbell-Bulgarian-Split-Squat-(female)_Thighs_small_thumbnail@3x.jpg
Burpee,https://pump-app.s3.eu-west-2.amazonaws.com/exercise-thumbnails/11601201-Burpee_Cardio_thumbnail@3x.jpg
Burpee Over the Bar,None
Butterfly (Pec Deck),https://pump-app.s3.eu-west-2.amazonaws.com/exercise-thumbnails/10301201-Lever-Pec-Deck-Fly_Chest_thumbnail@3x.jpg
Cable Core Palloff Press,https://pump-app.s3.eu-west-2.amazonaws.com/exercise-thumbnails/12021201-Cable-horizontal-Pallof-Press_waist_thumbnail@3x.jpg
Cable Crunch,https://pump-app.s3.eu-west-2.amazonaws.com/exercise-thumbnails/01751201-Cable-Kneeling-Crunch_Waist_thumbnail@3x.jpg
Cable Fly Crossovers,https://pump-app.s3.eu-west-2.amazonaws.com/exercise-thumbnails/12691201-Cable-Standing-Up-Straight-Crossovers_Chest_thumbnail@3x.jpg
Cable Pull Through,https://pump-app.s3.eu-west-2.amazonaws.com/exercise-thumbnails/12061201-Cable-pull-through_hips_thumbnail@3x.jpg
Cable Twist (Down to up),https://pump-app.s3.eu-west-2.amazonaws.com/exercise-thumbnails/12071201-Cable-twist-(down-up)_waist_thumbnail@3x.jpg
Cable Twist (Up to down),https://pump-app.s3.eu-west-2.amazonaws.com/exercise-thumbnails/08621201-Cable-twist-(up-down)_Waist_thumbnail@3x.jpg
Calf Extension (Machine),https://pump-app.s3.eu-west-2.amazonaws.com/exercise-thumbnails/23151201-Lever-Rotary-Calf_Calves_thumbnail@3x.jpg
Calf Press (Machine),https://pump-app.s3.eu-west-2.amazonaws.com/exercise-thumbnails/07381201-Sled-45-Calf-Press_Calves_thumbnail@3x.jpg
Chest Dip,https://pump-app.s3.eu-west-2.amazonaws.com/exercise-thumbnails/02511201-Chest-Dip_Chest_thumbnail@3x.jpg
Chest Dip (Assisted),https://pump-app.s3.eu-west-2.amazonaws.com/exercise-thumbnails/00091201-Assisted-Chest-Dip-(kneeling)_Chest_thumbnail@3x.jpg
Chest Dip (Weighted),None
Chest Fly (Band),https://pump-app.s3.eu-west-2.amazonaws.com/exercise-thumbnails/09131101-Band-middle-fly_Chest_small_thumbnail@3x.jpg
Chest Fly (Dumbbell),https://pump-app.s3.eu-west-2.amazonaws.com/exercise-thumbnails/03081201-Dumbbell-Fly_Chest_thumbnail@3x.jpg
Chest Fly (Machine),https://pump-app.s3.eu-west-2.amazonaws.com/exercise-thumbnails/05961201-Lever-Seated-Fly_Chest_thumbnail@3x.jpg
Chest Fly (Suspension),https://pump-app.s3.eu-west-2.amazonaws.com/exercise-thumbnails/10741101-Suspender-Fly_Chest_small_thumbnail@3x.jpg
Chest Press (Band),https://pump-app.s3.eu-west-2.amazonaws.com/exercise-thumbnails/09201101-Band-standing-chest-press_Chest_small_thumbnail@3x.jpg
Chest Press (Machine),https://pump-app.s3.eu-west-2.amazonaws.com/exercise-thumbnails/05771201-Lever-Chest-Press_Chest_thumbnail@3x.jpg
Chest Supported Incline Row (Dumbbell),https://pump-app.s3.eu-west-2.amazonaws.com/exercise-thumbnails/03271201-Dumbbell-Incline-Row_Back_thumbnail@3x.jpg
Chest Supported Reverse Fly (Dumbbell),https://pump-app.s3.eu-west-2.amazonaws.com/exercise-thumbnails/03831201-Dumbbell-Reverse-Fly_Shoulders_thumbnail@3x.jpg
Chest Supported Y Raise (Dumbbell),https://pump-app.s3.eu-west-2.amazonaws.com/exercise-thumbnails/35411201-Dumbbell-Incline-Y-Raise_Shoulders__thumbnail_@3x.jpg
Chin Up,https://pump-app.s3.eu-west-2.amazonaws.com/exercise-thumbnails/13261201-Chin-Up_Back_thumbnail@3x.jpg
Chin Up (Assisted),https://pump-app.s3.eu-west-2.amazonaws.com/exercise-thumbnails/05721301-assisted-chin-up_small_thumbnail@3x.jpg
Chin Up (Weighted),https://pump-app.s3.eu-west-2.amazonaws.com/exercise-thumbnails/29871101-Weighted-Close-Grip-Chin-up-on-Dip-Cage_Back_small_thumbnail@3x.jpg
Clamshell,https://pump-app.s3.eu-west-2.amazonaws.com/exercise-thumbnails/21501101-Resistance-Band-Clam_Hips_small_thumbnail@3x.jpg
Clap Push Ups,https://pump-app.s3.eu-west-2.amazonaws.com/exercise-thumbnails/12731101-Clap-Push-Up_Plyometrics_Chest_small_thumbnail@3x.jpg
Clean,https://pump-app.s3.eu-west-2.amazonaws.com/exercise-thumbnails/15211101-Barbell-Hang-Clean-Below-the-Knees_Weightlifts_small_thumbnail@3x.jpg
Clean and Jerk,https://pump-app.s3.eu-west-2.amazonaws.com/exercise-thumbnails/00281201-Barbell-Clean-and-Press_Shoulders_thumbnail@3x.jpg
Clean and Press,https://pump-app.s3.eu-west-2.amazonaws.com/exercise-thumbnails/00281201-Barbell-Clean-and-Press_Shoulders_thumbnail@3x.jpg
Clean Pull,https://pump-app.s3.eu-west-2.amazonaws.com/exercise-thumbnails/15171101-Barbell-Clean-Pull_Weightlifts_small_thumbnail@3x.jpg
Climbing,None
Concentration Curl,https://pump-app.s3.eu-west-2.amazonaws.com/exercise-thumbnails/02971201-Dumbbell-Concentration-Curl_Upper-Arms_thumbnail@3x.jpg
Cross Body Hammer Curl,https://pump-app.s3.eu-west-2.amazonaws.com/exercise-thumbnails/02981101-Dumbbell-Cross-Body-Hammer-Curl_Forearms_small_thumbnail@3x.jpg
Crunch,https://pump-app.s3.eu-west-2.amazonaws.com/exercise-thumbnails/02741201-Crunch-Floor-m_waist_thumbnail@3x.jpg
Crunch (Machine),https://pump-app.s3.eu-west-2.amazonaws.com/exercise-thumbnails/05951201-Lever-Seated-Crunch-(chest-pad)_thumbnail@3x.jpg
Crunch (Weighted),https://pump-app.s3.eu-west-2.amazonaws.com/exercise-thumbnails/08321101-Weighted-Crunch_waist_small_thumbnail@3x.jpg
Curtsy Lunge (Dumbbell),https://pump-app.s3.eu-west-2.amazonaws.com/exercise-thumbnails/08811101-Dumbbell-Curtsey-lunge_Thighs_small_thumbnail@3x.jpg
Cycling,None
Dead Bug,https://pump-app.s3.eu-west-2.amazonaws.com/exercise-thumbnails/02761101-Dead-Bug_waist_small_thumbnail@3x.jpg
Dead Hang,https://pump-app.s3.eu-west-2.amazonaws.com/exercise-thumbnails/50551101-Dead-Hang-Stretch_Stretching_small_thumbnail_@3x.jpg
Deadlift (Band),https://pump-app.s3.eu-west-2.amazonaws.com/exercise-thumbnails/08951101-Band-deadlift_Hips_small_thumbnail@3x.jpg
Deadlift (Barbell),https://pump-app.s3.eu-west-2.amazonaws.com/exercise-thumbnails/00321201-Barbell-Deadlift_Hips-FIX_thumbnail@3x.jpg
Deadlift (Dumbbell),https://pump-app.s3.eu-west-2.amazonaws.com/exercise-thumbnails/04321201-Dumbbell-Stiff-Leg-Deadlift_Waist_thumbnail@3x.jpg
Deadlift (Smith Machine),https://pump-app.s3.eu-west-2.amazonaws.com/exercise-thumbnails/07521201-Smith-Deadlift_Hips_thumbnail@3x.jpg
Deadlift (Trap bar),https://pump-app.s3.eu-west-2.amazonaws.com/exercise-thumbnails/08111201-Trap-Bar-Deadlift_Thighs_thumbnail@3x.jpg
Deadlift High Pull,https://pump-app.s3.eu-west-2.amazonaws.com/exercise-thumbnails/11991201-Sumo-Deadlift-High-Pull_Thighs_Shoulders_thumbnail@3x.jpg
Decline Bench Press (Barbell),https://pump-app.s3.eu-west-2.amazonaws.com/exercise-thumbnails/00331201-Barbell-Decline-Bench-Press_Chest_thumbnail@3x.jpg
Decline Bench Press (Dumbbell),https://pump-app.s3.eu-west-2.amazonaws.com/exercise-thumbnails/03011201-Dumbbell-Decline-Bench-Press_Chest_thumbnail@3x.jpg
Decline Bench Press (Machine),https://pump-app.s3.eu-west-2.amazonaws.com/exercise-thumbnails/13001201-Lever-Decline-Chest-Press_Chest-FIX__thumbnail_@3x.jpg
Decline Bench Press (Smith Machine),https://pump-app.s3.eu-west-2.amazonaws.com/exercise-thumbnails/07531201-Smith-Decline-Bench-Press_Chest_thumbnail@3x.jpg
Decline Chest Fly (Dumbbell),https://pump-app.s3.eu-west-2.amazonaws.com/exercise-thumbnails/03021201-Dumbbell-Decline-Fly_Chest_thumbnail@3x.jpg
Decline Crunch,https://pump-app.s3.eu-west-2.amazonaws.com/exercise-thumbnails/02771201-Decline-Crunch_Waist_thumbnail@3x.jpg
Decline Crunch (Weighted),https://pump-app.s3.eu-west-2.amazonaws.com/exercise-thumbnails/21301201-Weighted-decline-crunch_Waist_thumbnail@3x.jpg
Decline Push Up,https://pump-app.s3.eu-west-2.amazonaws.com/exercise-thumbnails/02791201-Decline-Push-Up_Chest_thumbnail@3x.jpg
Diamond Push Up,https://pump-app.s3.eu-west-2.amazonaws.com/exercise-thumbnails/02831101-Diamond-Push-up_Upper-Arms_small_thumbnail@3x.jpg
Downward Dog,https://pump-app.s3.eu-west-2.amazonaws.com/exercise-thumbnails/09491101-Downward-Facing-Dog-Adho-Mukha-Svanasana_small_thumbnail@3x.jpg
Drag Curl,https://pump-app.s3.eu-west-2.amazonaws.com/exercise-thumbnails/00381201-Barbell-Drag-Curl_Upper-Arms_thumbnail@3x.jpg
Dragon Flag,None
Dragonfly,None
Dumbbell Row,https://pump-app.s3.eu-west-2.amazonaws.com/exercise-thumbnails/02921201-Dumbbell-Bent-over-Row_Back_thumbnail@3x.jpg
Dumbbell Snatch,https://pump-app.s3.eu-west-2.amazonaws.com/exercise-thumbnails/38881101-Dumbbell-One-Arm-Snatch_small_thumbnail@3x.jpg
Dumbbell Squeeze Press,None
Dumbbell Step Up,https://pump-app.s3.eu-west-2.amazonaws.com/exercise-thumbnails/04311101-Dumbbell-Step-up_Hips_small_thumbnail@3x.jpg
Elbow to Knee,https://pump-app.s3.eu-west-2.amazonaws.com/exercise-thumbnails/23121201-Lying-Elbow-to-Knee_Waist_thumbnail@3x.jpg
Elliptical Trainer,https://pump-app.s3.eu-west-2.amazonaws.com/exercise-thumbnails/21921201-Elliptical-Machine-Walk_Cardio_thumbnail@3x.jpg
EZ Bar Biceps Curl,https://pump-app.s3.eu-west-2.amazonaws.com/exercise-thumbnails/04471201-EZ-Barbell-Curl_Upper-Arms_thumbnail@3x.jpg
Face Pull,https://pump-app.s3.eu-west-2.amazonaws.com/exercise-thumbnails/08961101-Band-face-pull_Shoulders_small_thumbnail@3x.jpg
Farmers Walk,https://pump-app.s3.eu-west-2.amazonaws.com/exercise-thumbnails/21331201-Farmers-walk_Cardio_thumbnail@3x.jpg
Fire Hydrants,None
Floor Press (Barbell),None
Floor Press (Dumbbell),https://pump-app.s3.eu-west-2.amazonaws.com/exercise-thumbnails/36681101-Dumbbell-Lying-on-Floor-Chest-Press_Chest_small_thumbnail@3x.jpg
Floor Triceps Dip,https://pump-app.s3.eu-west-2.amazonaws.com/exercise-thumbnails/08151201-Triceps-Dips-Floor_Upper-Arms_thumbnail@3x.jpg
Flutter Kicks,https://pump-app.s3.eu-west-2.amazonaws.com/exercise-thumbnails/12441201-Flutter-Kicks-(version-3)_Hips_thumbnail_@3x.jpg
Frog Jumps,https://pump-app.s3.eu-west-2.amazonaws.com/exercise-thumbnails/30881101-Frog-Hops-(male)_Plyometrics_small_thumbnail@3x.jpg
Frog Pumps (Dumbbell),https://pump-app.s3.eu-west-2.amazonaws.com/exercise-thumbnails/31821101-Weighted-Frog-Pump_Hips_small_thumbnail@3x.jpg
Front Lever Hold,https://pump-app.s3.eu-west-2.amazonaws.com/exercise-thumbnails/32961101-Front-Lever_Waist_small_thumbnail@3x.jpg
Front Lever Raise,https://pump-app.s3.eu-west-2.amazonaws.com/exercise-thumbnails/32961101-Front-Lever_Waist_small_thumbnail@3x.jpg
Front Raise (Band),https://pump-app.s3.eu-west-2.amazonaws.com/exercise-thumbnails/09781101-Band-front-raise_Shoulders_small_thumbnail@3x.jpg
Front Raise (Barbell),https://pump-app.s3.eu-west-2.amazonaws.com/exercise-thumbnails/00411101-Barbell-Front-Raise_Shoulders_thumbnail@3x.jpg
Front Raise (Cable),https://pump-app.s3.eu-west-2.amazonaws.com/exercise-thumbnails/01621201-Cable-Front-Raise_Shoulders_thumbnail@3x.jpg
Front Raise (Dumbbell),https://pump-app.s3.eu-west-2.amazonaws.com/exercise-thumbnails/03101201-Dumbbell-Front-Raise_Shoulders_thumbnail@3x.jpg
Front Raise (Suspension),https://pump-app.s3.eu-west-2.amazonaws.com/exercise-thumbnails/10751101-Suspender-Front-Raise_Shoulders_small_thumbnail@3x.jpg
Front Squat,https://pump-app.s3.eu-west-2.amazonaws.com/exercise-thumbnails/00421201-Barbell-Front-Squat_Hips_thumbnail@3x.jpg
Full Squat,https://pump-app.s3.eu-west-2.amazonaws.com/exercise-thumbnails/00431201-Barbell-Full-Squat_Thighs_thumbnail@3x.jpg
Glute Bridge,https://pump-app.s3.eu-west-2.amazonaws.com/exercise-thumbnails/06681101-Rear-Decline-Bridge_Waist_small_thumbnail@3x.jpg
Glute Ham Raise,https://pump-app.s3.eu-west-2.amazonaws.com/exercise-thumbnails/31931101-Glute-Ham-Raise_Thighs_small_thumbnail@3x.jpg
Glute Kickback (Machine),https://pump-app.s3.eu-west-2.amazonaws.com/exercise-thumbnails/10371201-Lever-Standing-Rear-Kick_Hips_thumbnail@3x.jpg
Glute Kickback on Floor,https://pump-app.s3.eu-west-2.amazonaws.com/exercise-thumbnails/14741201-Bent-Leg-Kickback-(kneeling)_Hips_thumbnail@3x.jpg
Goblet Squat,https://pump-app.s3.eu-west-2.amazonaws.com/exercise-thumbnails/22811201-Dumbbell-Goblet-Squat-(female)_Thighs_thumbnail@3x.jpg
Good Morning (Barbell),https://pump-app.s3.eu-west-2.amazonaws.com/exercise-thumbnails/00441201-Barbell-Good-Morning_Thighs_thumbnail@3x.jpg
Gorilla Row (Kettlebell),https://pump-app.s3.eu-west-2.amazonaws.com/exercise-thumbnails/72301201-Kettlebell-Gorilla-Row-(male)_Back__thumbnail_@3x.jpg
Hack Squat,https://pump-app.s3.eu-west-2.amazonaws.com/exercise-thumbnails/00461201-Barbell-Hack-Squat_Hips_thumbnail@3x.jpg
Hack Squat (Machine),https://pump-app.s3.eu-west-2.amazonaws.com/exercise-thumbnails/07431201-Sled-Hack-Squat_Hips_thumbnail@3x.jpg
Hammer Curl (Band),https://pump-app.s3.eu-west-2.amazonaws.com/exercise-thumbnails/08971101-Band-hammer-curl_Forearms_small_thumbnail@3x.jpg
Hammer Curl (Cable),https://pump-app.s3.eu-west-2.amazonaws.com/exercise-thumbnails/01661201-Cable-Hammer-Curl_Forearm_thumbnail@3x.jpg
Hammer Curl (Dumbbell),https://pump-app.s3.eu-west-2.amazonaws.com/exercise-thumbnails/03121201-Dumbbell-Hammer-Curl-(version-2)_Upper-Arms_thumbnail@3x.jpg
Handstand Hold,https://pump-app.s3.eu-west-2.amazonaws.com/exercise-thumbnails/33021101-Handstand_Upper-arms_small_thumbnail@3x.jpg
Handstand Push Up,https://pump-app.s3.eu-west-2.amazonaws.com/exercise-thumbnails/04711101-Handstand-Push-Up_Shoulders_small_thumbnail@3x.jpg
Hang Clean,https://pump-app.s3.eu-west-2.amazonaws.com/exercise-thumbnails/15201101-Barbell-Hang-Clean_Weightlifts_small_thumbnail@3x.jpg
Hang Snatch,https://pump-app.s3.eu-west-2.amazonaws.com/exercise-thumbnails/15221101-Barbell-Hang-Snatch_Weightlifts_small_thumbnail@3x.jpg
Hanging Knee Raise,https://pump-app.s3.eu-west-2.amazonaws.com/exercise-thumbnails/04721101-Hanging-Leg-Raise_Hips_small_thumbnail@3x.jpg
Hanging Leg Raise,https://pump-app.s3.eu-west-2.amazonaws.com/exercise-thumbnails/17641201-Hanging-Leg-Hip-Raise_Waist_thumbnail@3x.jpg
Heel Taps,https://pump-app.s3.eu-west-2.amazonaws.com/exercise-thumbnails/00061101-Alternate-Heel-Touchers_waist-FIX_small_thumbnail@3x.jpg
Hex Press (Dumbbell),https://pump-app.s3.eu-west-2.amazonaws.com/exercise-thumbnails/36811201-Dumbbell-Squeeze-Bench-Press_Chest-FIX__thumbnail_@3x.jpg
High Knee Skips,https://pump-app.s3.eu-west-2.amazonaws.com/exercise-thumbnails/04771101-High-Knee-Skips_Cardio_small_thumbnail@3x.jpg
High Knees,https://pump-app.s3.eu-west-2.amazonaws.com/exercise-thumbnails/08291101-Walk-(high-knees)_Cardio_small_thumbnail@3x.jpg
HIIT,None
Hiking,None
Hip Abduction (Machine),https://pump-app.s3.eu-west-2.amazonaws.com/exercise-thumbnails/05971201-Lever-Seated-Hip-Abduction_Hips_thumbnail@3x.jpg
Hip Adduction (Machine),https://pump-app.s3.eu-west-2.amazonaws.com/exercise-thumbnails/05981201-Lever-Seated-Hip-Adduction_Thighs_thumbnail@3x.jpg
Hip Thrust,https://pump-app.s3.eu-west-2.amazonaws.com/exercise-thumbnails/20721101-Hip-Thrusts_Hips-FIX_small_thumbnail@3x.jpg
Hip Thrust (Barbell),https://pump-app.s3.eu-west-2.amazonaws.com/exercise-thumbnails/10601101-Barbell-Hip-Thrust_Hips_small_thumbnail@3x.jpg
Hip Thrust (Machine),https://pump-app.s3.eu-west-2.amazonaws.com/exercise-thumbnails/21461201-Lever-Hip-Thrust_Hips_thumbnail_@3x.jpg
Hollow Rock,https://pump-app.s3.eu-west-2.amazonaws.com/exercise-thumbnails/12461101-Hollow-Hold_Waist_small_thumbnail@3x.jpg
Incline Bench Press (Barbell),https://pump-app.s3.eu-west-2.amazonaws.com/exercise-thumbnails/00471201-Barbell-Incline-Bench-Press_Chest_thumbnail@3x.jpg
Incline Bench Press (Dumbbell),https://pump-app.s3.eu-west-2.amazonaws.com/exercise-thumbnails/03141201-Dumbbell-Incline-Bench-Press_Chest_thumbnail@3x.jpg
Incline Bench Press (Smith Machine),https://pump-app.s3.eu-west-2.amazonaws.com/exercise-thumbnails/07571201-Smith-Incline-Bench-Press_Chest_thumbnail@3x.jpg
Incline Chest Fly (Dumbbell),https://pump-app.s3.eu-west-2.amazonaws.com/exercise-thumbnails/03191201-Dumbbell-Incline-Fly_Chest_thumbnail@3x.jpg
Incline Chest Press (Machine),https://pump-app.s3.eu-west-2.amazonaws.com/exercise-thumbnails/14791201-Lever-Incline-Chest-Press_Chest_thumbnail@3x.jpg
Incline Push Ups,https://pump-app.s3.eu-west-2.amazonaws.com/exercise-thumbnails/37851201-Incline-Push-Up-(on-box)_thumbnail@3x.jpg
Inverted Row,https://pump-app.s3.eu-west-2.amazonaws.com/exercise-thumbnails/04991201-Inverted-Row_Back_thumbnail@3x.jpg
Iso-Lateral Chest Press (Machine),https://pump-app.s3.eu-west-2.amazonaws.com/exercise-thumbnails/05761201-Lever-Chest-Press-(plate-loaded)_Chest_thumbnail@3x.jpg
Iso-Lateral High Row (Machine),https://pump-app.s3.eu-west-2.amazonaws.com/exercise-thumbnails/05811101-Lever-High-Row-(plate-loaded)_Back_small_thumbnail@3x.jpg
Iso-Lateral Low Row,https://pump-app.s3.eu-west-2.amazonaws.com/exercise-thumbnails/42141201-Lever-Low-Row-(plate-loaded)_Back__thumbnail_@3x.jpg
Iso-Lateral Row (Machine),https://pump-app.s3.eu-west-2.amazonaws.com/exercise-thumbnails/05881101-Lever-Narrow-Grip-Seated-Row-(plate-loaded)_Back_small_thumbnail@3x.jpg
Jack Knife (Suspension),https://pump-app.s3.eu-west-2.amazonaws.com/exercise-thumbnails/10821101-Suspender-Jack-knife_Waist_small_thumbnail@3x.jpg
Jackknife Sit Up,https://pump-app.s3.eu-west-2.amazonaws.com/exercise-thumbnails/05071301-jackknife-sit-up_small_thumbnail@3x.jpg
JM Press (Barbell),https://pump-app.s3.eu-west-2.amazonaws.com/exercise-thumbnails/00521201-Barbell-JM-Bench-Press_Upper-Arms-FIX_-2_thumbnail_@3x.jpg
Jump Rope,https://pump-app.s3.eu-west-2.amazonaws.com/exercise-thumbnails/05111101-Jump-Rope_Cardio_small_thumbnail@3x.jpg
Jump Shrug,None
Jump Squat,https://pump-app.s3.eu-west-2.amazonaws.com/exercise-thumbnails/05141201-Jump-Squat_Thighs_thumbnail@3x.jpg
Jumping Jack,https://pump-app.s3.eu-west-2.amazonaws.com/exercise-thumbnails/05161101-Jumping-Jack_Cardio_small_thumbnail@3x.jpg
Jumping Lunge,https://pump-app.s3.eu-west-2.amazonaws.com/exercise-thumbnails/11661201-Jump-Split-m_Plyometrics_thumbnail@3x.jpg
Kettlebell Clean,https://pump-app.s3.eu-west-2.amazonaws.com/exercise-thumbnails/45431101-Kettlebell-One-Arm-Clean_Weightlifting_small_thumbnail@3x.jpg
Kettlebell Curl,None
Kettlebell Goblet Squat,https://pump-app.s3.eu-west-2.amazonaws.com/exercise-thumbnails/05341101-Kettlebell-Goblet-Squat_thighs_small_thumbnail@3x.jpg
Kettlebell High Pull,https://pump-app.s3.eu-west-2.amazonaws.com/exercise-thumbnails/05481101-Kettlebell-Sumo-High-Pull_back_small_thumbnail@3x.jpg
Kettlebell Shoulder Press,https://pump-app.s3.eu-west-2.amazonaws.com/exercise-thumbnails/35721101-Kettlebell-Strict-Press_Shoulders_small_thumbnail@3x.jpg
Kettlebell Snatch,https://pump-app.s3.eu-west-2.amazonaws.com/exercise-thumbnails/05421101-Kettlebell-One-Arm-Snatch_Shoulders_small_thumbnail@3x.jpg
Kettlebell Swing,https://pump-app.s3.eu-west-2.amazonaws.com/exercise-thumbnails/05491101-Kettlebell-Swing_Kettlebell_small_thumbnail@3x.jpg
Kettlebell Turkish Get Up,https://pump-app.s3.eu-west-2.amazonaws.com/exercise-thumbnails/05511101-Kettlebell-Turkish-Get-Up-(Squat-style)_Thighs_small_thumbnail@3x.jpg
Kipping Pull Up,None
Knee Raise Parallel Bars,https://pump-app.s3.eu-west-2.amazonaws.com/exercise-thumbnails/21261201-Captains-chair-leg-raise_Hips_thumbnail@3x.jpg
Kneeling Pulldown (band),https://pump-app.s3.eu-west-2.amazonaws.com/exercise-thumbnails/09051101-Band-kneeling-pulldown_Back_small_thumbnail@3x.jpg
Kneeling Push Up,https://pump-app.s3.eu-west-2.amazonaws.com/exercise-thumbnails/32111101-Kneeling-Push-up-(male)_small_thumbnail@3x.jpg
L-Sit Hold,https://pump-app.s3.eu-west-2.amazonaws.com/exercise-thumbnails/14021201-L-sit_Waist_thumbnail@3x.jpg
Landmine 180,https://pump-app.s3.eu-west-2.amazonaws.com/exercise-thumbnails/05621201-Landmine-180_waist_thumbnail@3x.jpg
Landmine Row,https://pump-app.s3.eu-west-2.amazonaws.com/exercise-thumbnails/32001201-Lever-Bent-over-Row-with-V-bar-(plate-loaded)_Back_thumbnail_@3x.jpg
Landmine Squat and Press,https://pump-app.s3.eu-west-2.amazonaws.com/exercise-thumbnails/29761301-Landmine-Squat-and-Press_360_thumbnail@3x.jpg
Lat Pulldown (Band),https://pump-app.s3.eu-west-2.amazonaws.com/exercise-thumbnails/09741101-Band-close-grip-pulldown_Back_small_thumbnail@3x.jpg
Lat Pulldown (Cable),https://pump-app.s3.eu-west-2.amazonaws.com/exercise-thumbnails/01501201-Cable-Bar-Lateral-Pulldown_Back_thumbnail@3x.jpg
Lat Pulldown (Machine),https://pump-app.s3.eu-west-2.amazonaws.com/exercise-thumbnails/05791201-Lever-Front-Pulldown_Back_thumbnail@3x.jpg
Lat Pulldown - Close Grip (Cable),https://pump-app.s3.eu-west-2.amazonaws.com/exercise-thumbnails/26161101-Cable-Lateral-Pulldown-with-V-bar_Back_small_thumbnail@3x.jpg
Lateral Band Walks,https://pump-app.s3.eu-west-2.amazonaws.com/exercise-thumbnails/24601101-Resistance-Band-Lateral-Walk_Hips_small_thumbnail@3x.jpg
Lateral Box Jump,https://pump-app.s3.eu-west-2.amazonaws.com/exercise-thumbnails/05641101-Lateral-Box-Jump_Plyometrics_small_thumbnail@3x.jpg
Lateral Leg Raises,None
Lateral Lunge,https://pump-app.s3.eu-west-2.amazonaws.com/exercise-thumbnails/29721101-Side-Lunge_Thighs_small_thumbnail@3x.jpg
Lateral Raise (Band),https://pump-app.s3.eu-west-2.amazonaws.com/exercise-thumbnails/09071101-Band-lateral-raise_Shoulders_small_thumbnail@3x.jpg
Lateral Raise (Cable),https://pump-app.s3.eu-west-2.amazonaws.com/exercise-thumbnails/01781201-Cable-Lateral-Raise_shoulder_thumbnail@3x.jpg
Lateral Raise (Dumbbell),https://pump-app.s3.eu-west-2.amazonaws.com/exercise-thumbnails/03341201-Dumbbell-Lateral-Raise_shoulder_thumbnail@3x.jpg
Lateral Raise (Machine),https://pump-app.s3.eu-west-2.amazonaws.com/exercise-thumbnails/05841201-Lever-Lateral-Raise_shoulder_thumbnail@3x.jpg
Lateral Squat,None
Leg Extension (Machine),https://pump-app.s3.eu-west-2.amazonaws.com/exercise-thumbnails/05851201-Lever-Leg-Extension_Thighs_thumbnail@3x.jpg
Leg Press (Machine),https://pump-app.s3.eu-west-2.amazonaws.com/exercise-thumbnails/07391201-Sled-45-Leg-Press_Hips_thumbnail@3x.jpg
Leg Press Horizontal (Machine),https://pump-app.s3.eu-west-2.amazonaws.com/exercise-thumbnails/22671201-Lever-Seated-Leg-Press_Thighs_thumbnail@3x.jpg
Leg Raise Parallel Bars,https://pump-app.s3.eu-west-2.amazonaws.com/exercise-thumbnails/29631101-Captains-Chair-Straight-Leg-Raise_Waist_small_thumbnail@3x.jpg
Low Cable Fly Crossovers,https://pump-app.s3.eu-west-2.amazonaws.com/exercise-thumbnails/01791201-Cable-Low-Fly_Chest_thumbnail@3x.jpg
Low Row (Suspension),https://pump-app.s3.eu-west-2.amazonaws.com/exercise-thumbnails/10921101-Suspender-Row_Back_small_thumbnail@3x.jpg
Lunge,https://pump-app.s3.eu-west-2.amazonaws.com/exercise-thumbnails/14601201-Walking-Lunge-Male_Hips_thumbnail@3x.jpg
Lunge (Barbell),https://pump-app.s3.eu-west-2.amazonaws.com/exercise-thumbnails/00541201-Barbell-Lunge_Thighs_thumbnail@3x.jpg
Lunge (Dumbbell),https://pump-app.s3.eu-west-2.amazonaws.com/exercise-thumbnails/03361201-Dumbbell-Lunge_Hips_thumbnail@3x.jpg
Lying Knee Raise,https://pump-app.s3.eu-west-2.amazonaws.com/exercise-thumbnails/06171101-Lying-Hip-Leg-Raise-(on-floor)_Hips_small_thumbnail@3x.jpg
Lying Leg Curl (Machine),https://pump-app.s3.eu-west-2.amazonaws.com/exercise-thumbnails/05861201-Lever-Lying-Leg-Curl_Thighs_thumbnail@3x.jpg
Lying Leg Raise,https://pump-app.s3.eu-west-2.amazonaws.com/exercise-thumbnails/11631201-Lying-Leg-Raise_Waist_thumbnail@3x.jpg
Lying Neck Curls,None
Lying Neck Curls (Weighted),https://pump-app.s3.eu-west-2.amazonaws.com/exercise-thumbnails/10431201-Weighted-Lying-Neck-Flexion_neck_thumbnail_@3x.jpg
Lying Neck Extension,None
Lying Neck Extension (Weighted),https://pump-app.s3.eu-west-2.amazonaws.com/exercise-thumbnails/10421101-Weighted-Lying-Neck-Extension_neck_small_thumbnail_@3x.jpg
Meadows Rows (Barbell),None
Mountain Climber,https://pump-app.s3.eu-west-2.amazonaws.com/exercise-thumbnails/06301101-Mountain-Climber_Cardio_small_thumbnail@3x.jpg
Muscle Up,https://pump-app.s3.eu-west-2.amazonaws.com/exercise-thumbnails/14011101-Muscle-up-(on-vertical-bar)_Back_small_thumbnail@3x.jpg
Negative Pull Up,https://pump-app.s3.eu-west-2.amazonaws.com/exercise-thumbnails/47741201-Pull-up-(negative)-(female)_Back__thumbnail_@3x.jpg
Nordic Hamstrings Curls,https://pump-app.s3.eu-west-2.amazonaws.com/exercise-thumbnails/42041101-Resistance-Band-Assisted-Nordic-Hamstring-Curl_Thighs_small_thumbnail@3x.jpg
Oblique Crunch,https://pump-app.s3.eu-west-2.amazonaws.com/exercise-thumbnails/06351201-Oblique-Crunches-Floor_Waist_thumbnail@3x.jpg
One Arm Push Up,https://pump-app.s3.eu-west-2.amazonaws.com/exercise-thumbnails/07251201-Single-Arm-Push-up_Chest_thumbnail@3x.jpg
Overhead Curl (Cable),https://pump-app.s3.eu-west-2.amazonaws.com/exercise-thumbnails/16361101-Cable-Overhead-Curl_Upper-Arms_small_thumbnail@3x.jpg
Overhead Dumbbell Lunge,None
Overhead Press (Barbell),https://pump-app.s3.eu-west-2.amazonaws.com/exercise-thumbnails/11651201-Barbell-Standing-Military-Press-(without-rack)_Shoulders_thumbnail@3x.jpg
Overhead Press (Dumbbell),https://pump-app.s3.eu-west-2.amazonaws.com/exercise-thumbnails/04261201-Dumbbell-Standing-Overhead-Press_shoulder_thumbnail@3x.jpg
Overhead Press (Smith Machine),https://pump-app.s3.eu-west-2.amazonaws.com/exercise-thumbnails/12241201-Smith-Standing-Shoulder-Press_Shoulders_thumbnail@3x.jpg
Overhead Squat,https://pump-app.s3.eu-west-2.amazonaws.com/exercise-thumbnails/00691101-Barbell-Overhead-Squat_Thighs_small_thumbnail@3x.jpg
Pause Squat (Barbell),https://pump-app.s3.eu-west-2.amazonaws.com/exercise-thumbnails/50161201-Barbell-Pause-Full-Squat_Thighs__thumbnail_@3x.jpg
Pendlay Row (Barbell),None
Pendulum Squat (Machine),https://pump-app.s3.eu-west-2.amazonaws.com/exercise-thumbnails/49511201-Lever-Pendulum-Squat-(plate-loaded)_Thighs__thumbnail_@3x.jpg
Pike Pushup,https://pump-app.s3.eu-west-2.amazonaws.com/exercise-thumbnails/29211101-Pike-Push-up_Chest_small_thumbnail@3x.jpg
Pilates,None
Pinwheel Curl (Dumbbell),None
Pistol Squat,https://pump-app.s3.eu-west-2.amazonaws.com/exercise-thumbnails/17591101-Single-Leg-Squat-(pistol)-male_Thighs_small_thumbnail@3x.jpg
Plank,https://pump-app.s3.eu-west-2.amazonaws.com/exercise-thumbnails/04631201-Front-Plank-m_waist_thumbnail@3x.jpg
Plank Pushup,https://pump-app.s3.eu-west-2.amazonaws.com/exercise-thumbnails/28901101-Front-Plank-to-Push-up-(female)_small_thumbnail@3x.jpg
Plate Curl,https://pump-app.s3.eu-west-2.amazonaws.com/exercise-thumbnails/08531101-Weighted-Standing-Curl_Forearms_small_thumbnail@3x.jpg
Plate Front Raise,https://pump-app.s3.eu-west-2.amazonaws.com/exercise-thumbnails/08341201-Weighted-Front-Raise_Shoulders_thumbnail@3x.jpg
Plate Press,https://pump-app.s3.eu-west-2.amazonaws.com/exercise-thumbnails/12251101-Standing-Plate-Presses_Shoulders_small_thumbnail@3x.jpg
Plate Squeeze (Svend Press),https://pump-app.s3.eu-west-2.amazonaws.com/exercise-thumbnails/08561201-Weighted-Svend-Press_Chest_thumbnail@3x.jpg
Power Clean,https://pump-app.s3.eu-west-2.amazonaws.com/exercise-thumbnails/06481201-Power-Clean_Thighs_thumbnail@3x.jpg
Power Snatch,https://pump-app.s3.eu-west-2.amazonaws.com/exercise-thumbnails/15301101-Barbell-Power-Snatch_Weightlifts_small_thumbnail@3x.jpg
Preacher Curl (Barbell),https://pump-app.s3.eu-west-2.amazonaws.com/exercise-thumbnails/00701201-Barbell-Preacher-Curl_Upper-Arms_thumbnail@3x.jpg
Preacher Curl (Dumbbell),https://pump-app.s3.eu-west-2.amazonaws.com/exercise-thumbnails/04021201-Dumbbell-Seated-Preacher-Curl_Upper-Arms_thumbnail@3x.jpg
Preacher Curl (Machine),https://pump-app.s3.eu-west-2.amazonaws.com/exercise-thumbnails/05921201-Lever-Preacher-Curl_Upper-Arms_thumbnail@3x.jpg
Press Under,None
Pull Up,https://pump-app.s3.eu-west-2.amazonaws.com/exercise-thumbnails/06521201-Pull-up_Back_thumbnail@3x.jpg
Pull Up (Assisted),https://pump-app.s3.eu-west-2.amazonaws.com/exercise-thumbnails/00171201-Assisted-Pull-up_Back_thumbnail@3x.jpg
Pull Up (Band),https://pump-app.s3.eu-west-2.amazonaws.com/exercise-thumbnails/09701301-Band-assisted-pullup_Back_small_thumbnail@3x.jpg
Pull Up (Weighted),https://pump-app.s3.eu-west-2.amazonaws.com/exercise-thumbnails/08411101-Weighted-Pull-Up_back_small_thumbnail@3x.jpg
Pullover (Dumbbell),https://pump-app.s3.eu-west-2.amazonaws.com/exercise-thumbnails/03751201-Dumbbell-Pullover_Chest_thumbnail@3x.jpg
Pullover (Machine),https://pump-app.s3.eu-west-2.amazonaws.com/exercise-thumbnails/22851201-Lever-Pullover-(plate-loaded)_Back__thumbnail_@3x.jpg
Push Press,https://pump-app.s3.eu-west-2.amazonaws.com/exercise-thumbnails/12001201-Push-Press_Shoulders_thumbnail@3x.jpg
Push Up,https://pump-app.s3.eu-west-2.amazonaws.com/exercise-thumbnails/06621201-Push-up-m_Chest_thumbnail@3x.jpg
Push Up (Weighted),https://pump-app.s3.eu-west-2.amazonaws.com/exercise-thumbnails/11721201-Assisted-Weighted-Push-up_Chest_thumbnail@3x.jpg
Push Up - Close Grip,https://pump-app.s3.eu-west-2.amazonaws.com/exercise-thumbnails/02591201-Close-Grip-Push-up_Upper-Arms_thumbnail@3x.jpg
Rack Pull,https://pump-app.s3.eu-west-2.amazonaws.com/exercise-thumbnails/00741101-Barbell-Rack-Pull_Hips-FIX_thumbnail@3x.jpg
Rear Delt Reverse Fly (Cable),https://pump-app.s3.eu-west-2.amazonaws.com/exercise-thumbnails/02251101-Cable-Standing-Cross-over-High-Reverse-Fly_Shoulders_small_thumbnail@3x.jpg
Rear Delt Reverse Fly (Dumbbell),https://pump-app.s3.eu-west-2.amazonaws.com/exercise-thumbnails/24871101-Dumbbell-Rear-Delt-Fly-(female)_Shoulders_small_thumbnail@3x.jpg
Rear Delt Reverse Fly (Machine),https://pump-app.s3.eu-west-2.amazonaws.com/exercise-thumbnails/06021201-Lever-Seated-Reverse-Fly_Shoulders_thumbnail@3x.jpg
Renegade Row (Dumbbell),https://pump-app.s3.eu-west-2.amazonaws.com/exercise-thumbnails/05211101-Kettlebell-Alternating-Renegade-Row_back_small_thumbnail@3x.jpg
Reverse Crunch,https://pump-app.s3.eu-west-2.amazonaws.com/exercise-thumbnails/08721201-Reverse-Crunch-m_waist_thumbnail@3x.jpg
Reverse Curl (Barbell),https://pump-app.s3.eu-west-2.amazonaws.com/exercise-thumbnails/00801201-Barbell-Reverse-Curl_Forearm_thumbnail@3x.jpg
Reverse Curl (Cable),https://pump-app.s3.eu-west-2.amazonaws.com/exercise-thumbnails/02061201-Cable-Reverse-Curl_Forearm_thumbnail_@3x.jpg
Reverse Curl (Dumbbell),https://pump-app.s3.eu-west-2.amazonaws.com/exercise-thumbnails/03821201-Dumbbell-Revers-grip-Biceps-Curl_Forearms_thumbnail@3x.jpg
Reverse Fly Single Arm (Cable),None
Reverse Grip Concentration Curl,https://pump-app.s3.eu-west-2.amazonaws.com/exercise-thumbnails/04031101-Dumbbell-Seated-Revers-grip-Concentration-Curl_Forearms_small_thumbnail@3x.jpg
Reverse Grip Lat Pulldown (Cable),https://pump-app.s3.eu-west-2.amazonaws.com/exercise-thumbnails/02081201-Cable-Reverse-grip-Straight-Back-Seated-High-Row_Back_thumbnail@3x.jpg
Reverse Hyperextension,https://pump-app.s3.eu-west-2.amazonaws.com/exercise-thumbnails/05931201-Lever-Reverse-Hyperextension-(plate-loaded)_Hips_thumbnail@3x.jpg
Reverse Lunge,https://pump-app.s3.eu-west-2.amazonaws.com/exercise-thumbnails/15811101-Bodyweight-Rear-Lunge_Thighs_small_thumbnail@3x.jpg
Reverse Lunge (Barbell),https://pump-app.s3.eu-west-2.amazonaws.com/exercise-thumbnails/00781101-Barbell-Rear-Lunge_Thighs_small_thumbnail@3x.jpg
Reverse Lunge (Dumbbell),https://pump-app.s3.eu-west-2.amazonaws.com/exercise-thumbnails/03811201-Dumbbell-Rear-Lunge_Thighs_thumbnail@3x.jpg
Reverse Plank,https://pump-app.s3.eu-west-2.amazonaws.com/exercise-thumbnails/08671201-Reverse-plank_Back_thumbnail@3x.jpg
Ring Dips,https://pump-app.s3.eu-west-2.amazonaws.com/exercise-thumbnails/06771101-Ring-Dips_Upper-Arms_small_thumbnail@3x.jpg
Romanian Deadlift (Barbell),https://pump-app.s3.eu-west-2.amazonaws.com/exercise-thumbnails/22131201-Barbell-Romanian-Deadlift-(female)_Hips_thumbnail@3x.jpg
Romanian Deadlift (Dumbbell),https://pump-app.s3.eu-west-2.amazonaws.com/exercise-thumbnails/14591201-Dumbbell-Romanian-Deadlift_Hips_thumbnail@3x.jpg
Rope Cable Curl,https://pump-app.s3.eu-west-2.amazonaws.com/exercise-thumbnails/01651101-Cable-Hammer-Curl-(with-rope)-m_Forearms_small_thumbnail@3x.jpg
Rope Straight Arm Pulldown,https://pump-app.s3.eu-west-2.amazonaws.com/exercise-thumbnails/02371201-Cable-Straight-Arm-Pulldown-(with-rope)_Back_thumbnail@3x.jpg
Rowing Machine,https://pump-app.s3.eu-west-2.amazonaws.com/exercise-thumbnails/22701201-Rowing-Straight-Back-(with-rowing-machine)-(female)_Cardio_thumbnail@3x.jpg
Running,https://pump-app.s3.eu-west-2.amazonaws.com/exercise-thumbnails/21961201-Run-(female)_Cardio_thumbnail@3x.jpg
Russian Twist (Bodyweight),https://pump-app.s3.eu-west-2.amazonaws.com/exercise-thumbnails/06871201-Russian-Twist_waist_thumbnail@3x.jpg
Russian Twist (Weighted),https://pump-app.s3.eu-west-2.amazonaws.com/exercise-thumbnails/23711201-Weighted-Russian-Twist_Waist_thumbnail@3x.jpg
Scapular Pull Ups,https://pump-app.s3.eu-west-2.amazonaws.com/exercise-thumbnails/06881101-Scapular-Pull-Up_back_small_thumbnail@3x.jpg
Seated Cable Row - Bar Grip,https://pump-app.s3.eu-west-2.amazonaws.com/exercise-thumbnails/01801201-Cable-Low-Seated-Row_Back_thumbnail@3x.jpg
Seated Cable Row - Bar Wide Grip,https://pump-app.s3.eu-west-2.amazonaws.com/exercise-thumbnails/02181201-Cable-Seated-Wide-grip-Row_Back_thumbnail@3x.jpg
Seated Cable Row - V Grip (Cable),https://pump-app.s3.eu-west-2.amazonaws.com/exercise-thumbnails/26611201-Cable-Seated-Row-with-V-bar_Back_thumbnail_@3x.jpg
Seated Calf Raise,https://pump-app.s3.eu-west-2.amazonaws.com/exercise-thumbnails/05941201-Lever-Seated-Calf-Raise-(plate-loaded)_thumbnail@3x.jpg
Seated Chest Flys (Cable),https://pump-app.s3.eu-west-2.amazonaws.com/exercise-thumbnails/38691101-Cable-Seated-Chest-Fly_Chest_small_thumbnail_@3x.jpg
Seated Dip Machine,https://pump-app.s3.eu-west-2.amazonaws.com/exercise-thumbnails/14511201-Lever-Seated-Dip_Upper-Arms_thumbnail@3x.jpg
Seated Incline Curl (Dumbbell),https://pump-app.s3.eu-west-2.amazonaws.com/exercise-thumbnails/03151201-Dumbbell-Incline-Biceps-Curl_Upper-Arms_thumbnail@3x.jpg
Seated Lateral Raise (Dumbbell),https://pump-app.s3.eu-west-2.amazonaws.com/exercise-thumbnails/03961201-Dumbbell-Seated-Lateral-Raise_shoulder_thumbnail@3x.jpg
Seated Leg Curl (Machine),https://pump-app.s3.eu-west-2.amazonaws.com/exercise-thumbnails/05991201-Lever-Seated-Leg-Curl_Thighs_thumbnail@3x.jpg
Seated Overhead Press (Barbell),https://pump-app.s3.eu-west-2.amazonaws.com/exercise-thumbnails/00911101-Barbell-Seated-Overhead-Press_Shoulders_small_thumbnail@3x.jpg
Seated Overhead Press (Dumbbell),https://pump-app.s3.eu-west-2.amazonaws.com/exercise-thumbnails/02901201-Dumbbell-Bench-Seated-Press_Shoulders_thumbnail@3x.jpg
Seated Palms Up Wrist Curl,https://pump-app.s3.eu-west-2.amazonaws.com/exercise-thumbnails/0401-seated-palms-up-wrist-curl_thumbnail@3x.jpg
Seated Row (Machine),https://pump-app.s3.eu-west-2.amazonaws.com/exercise-thumbnails/22651201-Lever-Seated-Row-(version-2)_Back_thumbnail@3x.jpg
Seated Shoulder Press (Machine),https://pump-app.s3.eu-west-2.amazonaws.com/exercise-thumbnails/14541201-Lever-Seated-Shoulder-Press_Shoulders_thumbnail@3x.jpg
Seated Triceps Press,None
Seated Wrist Extension (Barbell),https://pump-app.s3.eu-west-2.amazonaws.com/exercise-thumbnails/00791201-Barbell-Revers-Wrist-Curl-II_Forearms_thumbnail@3x.jpg
Shoulder Press (Dumbbell),https://pump-app.s3.eu-west-2.amazonaws.com/exercise-thumbnails/04051201-Dumbbell-Seated-Shoulder-Press_Shoulders_thumbnail@3x.jpg
Shoulder Press (Machine Plates),https://pump-app.s3.eu-west-2.amazonaws.com/exercise-thumbnails/05871201-Lever-Military-Press-(plate-loaded)_shoulder_thumbnail_@3x.jpg
Shoulder Taps,https://pump-app.s3.eu-west-2.amazonaws.com/exercise-thumbnails/06991201-Shoulder-Tap-Push-up_Plyometrics_thumbnail@3x.jpg
Shrug (Barbell),https://pump-app.s3.eu-west-2.amazonaws.com/exercise-thumbnails/00951201-Barbell-Shrug_Back_thumbnail@3x.jpg
Shrug (Cable),https://pump-app.s3.eu-west-2.amazonaws.com/exercise-thumbnails/02201201-Cable-Shrug_Back_thumbnail@3x.jpg
Shrug (Dumbbell),https://pump-app.s3.eu-west-2.amazonaws.com/exercise-thumbnails/04061201-Dumbbell-Shrug_Back_thumbnail@3x.jpg
Shrug (Machine),https://pump-app.s3.eu-west-2.amazonaws.com/exercise-thumbnails/06041201-Lever-Shrug-(plate-loaded)_Back_thumbnail_@3x.jpg
Shrug (Smith Machine),https://pump-app.s3.eu-west-2.amazonaws.com/exercise-thumbnails/07461201-Smith-Back-Shrug_Back_thumbnail@3x.jpg
Side Bend,https://pump-app.s3.eu-west-2.amazonaws.com/exercise-thumbnails/00021201-45-Side-Bend_Waist_thumbnail@3x.jpg
Side Bend (Dumbbell),https://pump-app.s3.eu-west-2.amazonaws.com/exercise-thumbnails/04071201-Dumbbell-Side-Bend_Waist_thumbnail@3x.jpg
Side Plank,https://pump-app.s3.eu-west-2.amazonaws.com/exercise-thumbnails/07151201-Side-Plank-m_Waist_thumbnail@3x.jpg
Single Arm Cable Crossover,None
Single Arm Cable Row,None
Single Arm Curl (Cable),https://pump-app.s3.eu-west-2.amazonaws.com/exercise-thumbnails/01901101-Cable-One-Arm-Curl_Upper-Arms_small_thumbnail_@3x.jpg
Single Arm Landmine Press (Barbell),None
Single Arm Lat Pulldown,https://pump-app.s3.eu-west-2.amazonaws.com/exercise-thumbnails/12041101-Cable-one-arm-lat-pulldown_back_small_thumbnail@3x.jpg
Single Arm Lateral Raise (Cable),https://pump-app.s3.eu-west-2.amazonaws.com/exercise-thumbnails/01921201-Cable-One-Arm-Lateral-Raise_Shoulders-3_thumbnail_@3x.jpg
Single Arm Tricep Extension (Dumbbell),https://pump-app.s3.eu-west-2.amazonaws.com/exercise-thumbnails/03621201-Dumbbell-One-Arm-Triceps-Extension-(on-bench)_Upper-Arms_thumbnail@3x.jpg
Single Arm Triceps Pushdown (Cable),https://pump-app.s3.eu-west-2.amazonaws.com/exercise-thumbnails/50331201-Cable-Single-Arm-Triceps-Pushdown-(rope-attachment_thumbnail_@3x.jpg
Single Leg Extensions,None
Single Leg Glute Bridge,None
Single Leg Hip Thrust,https://pump-app.s3.eu-west-2.amazonaws.com/exercise-thumbnails/20711101-Single-Leg_Hip-Thrusts_Hips_small_thumbnail@3x.jpg
Single Leg Hip Thrust (Dumbbell),https://pump-app.s3.eu-west-2.amazonaws.com/exercise-thumbnails/47551101-Dumbbell-Single-Leg-Hip-Thrust_Hips_small_thumbnail_@3x.jpg
Single Leg Press (Machine),https://pump-app.s3.eu-west-2.amazonaws.com/exercise-thumbnails/08831201-Lever-Horizontal-One-leg-Press_Hips_thumbnail@3x.jpg
Single Leg Romanian Deadlift (Barbell),None
Single Leg Romanian Deadlift (Dumbbell),None
Single Leg Standing Calf Raise,https://pump-app.s3.eu-west-2.amazonaws.com/exercise-thumbnails/13731101-Bodyweight-Standing-Calf-Raise_Calves_small_thumbnail@3x.jpg
Single Leg Standing Calf Raise (Barbell),https://pump-app.s3.eu-west-2.amazonaws.com/exercise-thumbnails/01081101-Barbell-Standing-Leg-Calf-Raise_Calf_small_thumbnail@3x.jpg
Single Leg Standing Calf Raise (Dumbbell),https://pump-app.s3.eu-west-2.amazonaws.com/exercise-thumbnails/04171201-Dumbbell-Standing-Calf-Raise_Calves_thumbnail@3x.jpg
Single Leg Standing Calf Raise (Machine),https://pump-app.s3.eu-west-2.amazonaws.com/exercise-thumbnails/06051201-Lever-Standing-Calf-Raise_Calves_thumbnail@3x.jpg
Sissy Squat (Weighted),https://pump-app.s3.eu-west-2.amazonaws.com/exercise-thumbnails/08511201-Weighted-Sissy-Squat_Thighs_thumbnail@3x.jpg
Sit Up,https://pump-app.s3.eu-west-2.amazonaws.com/exercise-thumbnails/00011201-3-4-Sit-up_Waist_thumbnail@3x.jpg
Sit Up (Weighted),None
Skating,None
Skiing,None
Skullcrusher (Barbell),https://pump-app.s3.eu-west-2.amazonaws.com/exercise-thumbnails/00351101-Barbell-Decline-Close-Grip-To-Skull-Press_Upper-Arms_small_thumbnail@3x.jpg
Skullcrusher (Dumbbell),https://pump-app.s3.eu-west-2.amazonaws.com/exercise-thumbnails/03511101-Dumbbell-Lying-Triceps-Extension_Upper-Arms_small_thumbnail@3x.jpg
Sled Push,https://pump-app.s3.eu-west-2.amazonaws.com/exercise-thumbnails/25241201-Power-Sled-Push-(female)_Thighs_thumbnail@3x.jpg
Snatch,https://pump-app.s3.eu-west-2.amazonaws.com/exercise-thumbnails/15331101-Barbell-Snatch_Weightlifts_small_thumbnail@3x.jpg
Snowboarding,None
Spider Curl (Barbell),https://pump-app.s3.eu-west-2.amazonaws.com/exercise-thumbnails/00721201-Barbell-Prone-Incline-Curl_Upper-Arms_thumbnail@3x.jpg
Spider Curl (Dumbbell),https://pump-app.s3.eu-west-2.amazonaws.com/exercise-thumbnails/03741201-Dumbbell-Prone-Incline-Curl_Upper-Arms_thumbnail_@3x.jpg
Spiderman,None
Spinning,https://pump-app.s3.eu-west-2.amazonaws.com/exercise-thumbnails/22791201-Stationary-Bike-Run-(version-4)_Cardio_thumbnail@3x.jpg
Split Jerk,https://pump-app.s3.eu-west-2.amazonaws.com/exercise-thumbnails/15381101-Barbell-Split-Jerk_Weightlifts_small_thumbnail@3x.jpg
Split Squat (Dumbbell),https://pump-app.s3.eu-west-2.amazonaws.com/exercise-thumbnails/29601201-Dumbbell-Split-Squat_Thighs_thumbnail@3x.jpg
Sprints,None
Squat (Band),https://pump-app.s3.eu-west-2.amazonaws.com/exercise-thumbnails/10041101-Band-squat_Hips_small_thumbnail@3x.jpg
Squat (Barbell),https://pump-app.s3.eu-west-2.amazonaws.com/exercise-thumbnails/00431201-Barbell-Full-Squat_Thighs_thumbnail@3x.jpg
Squat (Bodyweight),https://pump-app.s3.eu-west-2.amazonaws.com/exercise-thumbnails/11971201-Squat-m_Thighs_thumbnail@3x.jpg
Squat (Dumbbell),https://pump-app.s3.eu-west-2.amazonaws.com/exercise-thumbnails/15551101-Dumbbell-Squat_Thighs_small_thumbnail@3x.jpg
Squat (Machine),https://pump-app.s3.eu-west-2.amazonaws.com/exercise-thumbnails/10391101-Lever-Full-Squat_Thighs_small_thumbnail@3x.jpg
Squat (Smith Machine),https://pump-app.s3.eu-west-2.amazonaws.com/exercise-thumbnails/07501201-Smith-Chair-Squat_Thighs_thumbnail@3x.jpg
Squat (Suspension),https://pump-app.s3.eu-west-2.amazonaws.com/exercise-thumbnails/11431101-Suspender-Squat_Thighs_small_thumbnail@3x.jpg
Squat Row,https://pump-app.s3.eu-west-2.amazonaws.com/exercise-thumbnails/25501101-Cable-Squat-Row-(with-rope-attachment)-(female)_Back_Thighs_small_thumbnail@3x.jpg
Stair Machine,https://pump-app.s3.eu-west-2.amazonaws.com/exercise-thumbnails/23111201-Walking-on-Stepmill_Cardio_thumbnail@3x.jpg
Standing Cable Glute Kickbacks,None
Standing Calf Raise,https://pump-app.s3.eu-west-2.amazonaws.com/exercise-thumbnails/13731101-Bodyweight-Standing-Calf-Raise_Calves_small_thumbnail@3x.jpg
Standing Calf Raise (Barbell),https://pump-app.s3.eu-west-2.amazonaws.com/exercise-thumbnails/01081101-Barbell-Standing-Leg-Calf-Raise_Calf_small_thumbnail@3x.jpg
Standing Calf Raise (Dumbbell),https://pump-app.s3.eu-west-2.amazonaws.com/exercise-thumbnails/04171201-Dumbbell-Standing-Calf-Raise_Calves_thumbnail@3x.jpg
Standing Calf Raise (Machine),https://pump-app.s3.eu-west-2.amazonaws.com/exercise-thumbnails/06051201-Lever-Standing-Calf-Raise_Calves_thumbnail@3x.jpg
Standing Calf Raise (Smith),https://pump-app.s3.eu-west-2.amazonaws.com/exercise-thumbnails/11641101-Smith-Calf-Raise-(version-2)_Calves_small_thumbnail_@3x.jpg
Standing Leg Curls,None
Standing Military Press (Barbell),https://pump-app.s3.eu-west-2.amazonaws.com/exercise-thumbnails/11651201-Barbell-Standing-Military-Press-(without-rack)_Shoulders_thumbnail@3x.jpg
Step Up,https://pump-app.s3.eu-west-2.amazonaws.com/exercise-thumbnails/08011101-Step-up_Hips_small_thumbnail@3x.jpg
Sternum Pull up (Gironda),https://pump-app.s3.eu-west-2.amazonaws.com/exercise-thumbnails/04661101-Gironda-Sternum-Chin_Back_small_thumbnail@3x.jpg
Straight Arm Lat Pulldown (Cable),https://pump-app.s3.eu-west-2.amazonaws.com/exercise-thumbnails/02381201-Cable-Straight-Arm-Pulldown_Back_thumbnail@3x.jpg
Straight Leg Deadlift,https://pump-app.s3.eu-west-2.amazonaws.com/exercise-thumbnails/01161201-Barbell-Straight-Leg-Deadlift_Thighs_thumbnail@3x.jpg
Stretching,None
Sumo Deadlift,https://pump-app.s3.eu-west-2.amazonaws.com/exercise-thumbnails/01171201-Barbell-Sumo-Deadlift_Hips_thumbnail@3x.jpg
Sumo Squat,https://pump-app.s3.eu-west-2.amazonaws.com/exercise-thumbnails/10641201-Sumo-Squat-(male)_Thighs-FIX__thumbnail_@3x.jpg
Sumo Squat (Barbell),https://pump-app.s3.eu-west-2.amazonaws.com/exercise-thumbnails/10631201-Barbell-sumo-squat_Thighs_thumbnail@3x.jpg
Sumo Squat (Dumbbell),https://pump-app.s3.eu-west-2.amazonaws.com/exercise-thumbnails/23221201-Dumbbell-Sumo-Squat-(female)_Thighs__thumbnail_@3x.jpg
Sumo Squat (Kettlebell),https://pump-app.s3.eu-west-2.amazonaws.com/exercise-thumbnails/40891201-Kettlebell-Sumo-Squat-(male)_Hips__thumbnail_@3x.jpg
Superman,https://pump-app.s3.eu-west-2.amazonaws.com/exercise-thumbnails/08041101-Superman_Waist_small_thumbnail@3x.jpg
Swimming,None
T Bar Row,https://pump-app.s3.eu-west-2.amazonaws.com/exercise-thumbnails/06061201-Lever-T-bar-Row-(plate-loaded)_Back_thumbnail@3x.jpg
Thruster (Barbell),None
Thruster (Kettlebell),https://pump-app.s3.eu-west-2.amazonaws.com/exercise-thumbnails/05501101-Kettlebell-Thruster_Shoulders_small_thumbnail@3x.jpg
Toe Touch,None
Toes to Bar,https://pump-app.s3.eu-west-2.amazonaws.com/exercise-thumbnails/04741201-Hanging-Straight-Leg-Hip-Raise_Waist_thumbnail@3x.jpg
Torso Rotation,None
Treadmill,https://pump-app.s3.eu-west-2.amazonaws.com/exercise-thumbnails/21971201-Run-on-Treadmill-(female)_Cardio_thumbnail@3x.jpg
Triceps Dip,https://pump-app.s3.eu-west-2.amazonaws.com/exercise-thumbnails/08141201-Triceps-Dip_Upper-Arms_thumbnail@3x.jpg
Triceps Dip (Assisted),https://pump-app.s3.eu-west-2.amazonaws.com/exercise-thumbnails/00191201-Assisted-Triceps-Dip-(kneeling)_Upper-Arms_thumbnail@3x.jpg
Triceps Dip (Weighted),https://pump-app.s3.eu-west-2.amazonaws.com/exercise-thumbnails/17551101-Weighted-Tricep-Dips_Upper-Arms_small_thumbnail@3x.jpg
Triceps Extension (Barbell),https://pump-app.s3.eu-west-2.amazonaws.com/exercise-thumbnails/00921201-Barbell-Seated-Overhead-Triceps-Extension_Upper-Arms_thumbnail@3x.jpg
Triceps Extension (Cable),https://pump-app.s3.eu-west-2.amazonaws.com/exercise-thumbnails/01491101-Cable-Alternate-Triceps-Extension_Upper-Arms_small_thumbnail@3x.jpg
Triceps Extension (Dumbbell),https://pump-app.s3.eu-west-2.amazonaws.com/exercise-thumbnails/04301201-Dumbbell-Standing-Triceps-Extension_Upper-Arms_thumbnail@3x.jpg
Triceps Extension (Machine),https://pump-app.s3.eu-west-2.amazonaws.com/exercise-thumbnails/10331201-Lever-Triceps-Extension_Upper-Arms_thumbnail@3x.jpg
Triceps Extension (Suspension),https://pump-app.s3.eu-west-2.amazonaws.com/exercise-thumbnails/11041101-Suspender-Triceps-Extension_Upper-Arms_small_thumbnail@3x.jpg
Triceps Kickback (Cable),https://pump-app.s3.eu-west-2.amazonaws.com/exercise-thumbnails/45661101-Cable-Neutral-Grip-Kickback_Upper-arms_small_thumbnail_@3x.jpg
Triceps Kickback (Dumbbell),https://pump-app.s3.eu-west-2.amazonaws.com/exercise-thumbnails/03331201-Dumbbell-Kickback_Upper-Arms_thumbnail@3x.jpg
Triceps Pressdown,None
Triceps Pushdown,https://pump-app.s3.eu-west-2.amazonaws.com/exercise-thumbnails/02011201-Cable-Pushdown_Upper-Arms_thumbnail@3x.jpg
Triceps Rope Pushdown,https://pump-app.s3.eu-west-2.amazonaws.com/exercise-thumbnails/02001101-Cable-Pushdown-(with-rope-attachment)_Upper-Arms_small_thumbnail@3x.jpg
Upright Row (Barbell),https://pump-app.s3.eu-west-2.amazonaws.com/exercise-thumbnails/01211201-Barbell-Upright-Row_Shoulders_thumbnail@3x.jpg
Upright Row (Cable),https://pump-app.s3.eu-west-2.amazonaws.com/exercise-thumbnails/02461201-Cable-Upright-Row_shoulder_thumbnail@3x.jpg
Upright Row (Dumbbell),https://pump-app.s3.eu-west-2.amazonaws.com/exercise-thumbnails/04371201-Dumbbell-Upright-Row_shoulder_thumbnail@3x.jpg
V Up,https://pump-app.s3.eu-west-2.amazonaws.com/exercise-thumbnails/08251201-V-up_Waist_thumbnail@3x.jpg
Walking,None
Walking Lunge,https://pump-app.s3.eu-west-2.amazonaws.com/exercise-thumbnails/14601201-Walking-Lunge-Male_Hips_thumbnail@3x.jpg
Walking Lunge (Dumbbell),https://pump-app.s3.eu-west-2.amazonaws.com/exercise-thumbnails/15571201-Dumbbell-Walking-Lunges_Thighs___thumbnail_@3x.png
Wall Ball,https://pump-app.s3.eu-west-2.amazonaws.com/exercise-thumbnails/24581101-Wall-Ball_Thighs_small_thumbnail@3x.jpg
Wall Sit,https://pump-app.s3.eu-west-2.amazonaws.com/exercise-thumbnails/07341101-Sit-(wall)_Thighs_small_thumbnail@3x.jpg
Warm Up,None
Wide Pull Up,https://pump-app.s3.eu-west-2.amazonaws.com/exercise-thumbnails/14291201-Wide-Grip-Pull-Up_Back_thumbnail@3x.jpg
Wrist Roller,https://pump-app.s3.eu-west-2.amazonaws.com/exercise-thumbnails/08591101-Wrist-Roller_Forearms_small_thumbnail@3x.jpg
Yoga,None
Zercher Squat,https://pump-app.s3.eu-west-2.amazonaws.com/exercise-thumbnails/15451101-Barbell-full-Zercher-Squat_Thighs_small_thumbnail@3x.jpg
Zottman Curl (Dumbbell),https://pump-app.s3.eu-west-2.amazonaws.com/exercise-thumbnails/04391201-Dumbbell-Zottman-Curl_Upper-Arms-FIX_thumbnail@3x.jpg
